flame_id,reindexed_id,x,y,credibility
1,1,814.505,707.794,0.612866
2,1,813.868,707.93,0.512303
3,1,816.809,708.533,0.617748
4,1,815.674,710.315,0.521218
5,1,817.522,708.394,0.527936
6,1,818.531,710.317,0.526537
7,1,820.226,708.302,0.547394
8,1,821.889,709.607,0.56705
9,1,824.868,710.995,0.627131
10,1,825.897,710.55,0.601139
11,1,828.191,710.505,0.518893
12,1,817.372,719.412,0.271617
13,1,827.977,708.625,0.541796
14,1,822.673,724.396,0.542389
15,1,833.649,710.978,0.619176
16,1,0,0,0
17,1,836.645,712.553,0.609456
18,1,836.785,711.827,0.594775
19,1,837.468,711.376,0.59213
20,1,827.853,710.273,0.542631
21,1,839.621,710.188,0.586045
22,1,831.071,704.581,0.545663
23,1,845.659,710.674,0.576516
24,1,835.464,704.74,0.65212
25,1,848.4,713.584,0.609428
26,1,848.618,713.653,0.46574
27,1,851.466,714.145,0.535663
28,1,841.602,713.942,0.403732
29,1,852.469,711.378,0.534154
30,1,846.143,715.444,0.390991
31,1,857.075,713.012,0.650635
32,1,859.058,714.129,0.514123
33,1,862.365,717.676,0.452884
34,1,864.208,718.582,0.484748
35,1,864.224,714.958,0.449742
36,1,867.419,719.27,0.354628
37,1,868.048,715.5,0.390903
38,1,869.57,714.996,0.513418
39,1,869.822,714.66,0.52618
40,1,871.253,714.375,0.566844
41,1,871.896,713.724,0.500437
42,1,874.885,712.831,0.592707
43,1,877.808,715.186,0.505873
44,1,878.027,714.133,0.529012
45,1,866.68,728.083,0.415981
46,1,880.584,713.538,0.582769
47,1,863.393,714.204,0.461505
48,1,883.946,714.424,0.564057
49,1,0,0,0
50,1,888.732,714.274,0.562742
51,1,888.165,714.262,0.568489
52,1,889.994,713.909,0.539004
53,1,880.504,714.898,0.483878
54,1,895.017,715.006,0.578511
55,1,884.891,717.817,0.528947
56,1,896.256,713.501,0.536227
57,1,886.142,712.666,0.512469
58,1,899.081,712.982,0.628725
59,1,900.516,711.828,0.622563
60,1,902.317,713.206,0.593437
61,1,902.606,711.171,0.586814
62,1,906.788,714.33,0.52271
63,1,908.062,713.677,0.545813
64,1,908.228,711.542,0.516073
65,1,911.623,712.73,0.553268
66,1,912.472,712.967,0.585562
67,1,913.349,712.803,0.54174
68,1,915.406,711.438,0.574324
69,1,915.237,711.068,0.59721
70,1,918.085,711.865,0.519479
71,1,919.613,712.741,0.478628
72,1,923.091,712.969,0.545597
73,1,923.073,710.55,0.586367
74,1,924.157,710.085,0.574194
75,1,927.079,710.855,0.564107
76,1,908.044,717.653,0.414074
77,1,927.84,709.463,0.528395
78,1,0,0,0
79,1,932.386,710.356,0.600444
80,1,911.939,710.477,0.517257
81,1,936.155,711.577,0.551398
82,1,937.504,709.062,0.622173
83,1,937.881,708.798,0.550634
84,1,926.409,711.191,0.685978
85,1,941.011,706.833,0.625024
86,1,930.644,711.393,0.579114
87,1,944.424,705.319,0.642385
88,1,934.583,711.044,0.493132
89,1,947.976,706.884,0.601752
90,1,946.861,704.847,0.577557
91,1,949.291,704.963,0.577572
92,1,951.792,702.819,0.608587
93,1,953.103,703.64,0.559879
94,1,954.89,703.485,0.609398
95,1,955.807,701.172,0.578855
96,1,956.099,702.344,0.554904
97,1,959.773,704.167,0.567234
98,1,960.074,702.913,0.590674
99,1,960.68,702.011,0.579395
100,1,962.495,702.624,0.562173
101,1,965.018,701.198,0.602578
102,1,966.131,702.088,0.566699
103,1,965.554,700.937,0.562661
104,1,968.906,703.614,0.547458
105,1,970.002,702.447,0.545129
106,1,971.446,703.505,0.57327
107,1,971.571,701.117,0.577933
108,1,972.257,700.96,0.531203
109,1,953.422,706.635,0.448253
110,1,976.921,700.521,0.563411
111,1,954.391,702.724,0.483168
112,1,979.53,701.669,0.579622
113,1,958.376,704.014,0.461118
114,1,982.617,701.468,0.582844
115,1,983.166,701.127,0.598529
116,1,985.253,702.338,0.555935
117,1,977.277,704.511,0.548453
118,1,988.252,702.072,0.561595
119,1,978.104,701.171,0.553445
120,1,991.491,700.188,0.56553
121,1,990.981,699.388,0.548482
122,1,994.295,701.46,0.579953
123,1,994.068,699.388,0.525932
124,1,994.909,699.023,0.550295
125,1,996.078,700.229,0.533294
126,1,999.449,700.166,0.560357
127,1,999.537,697.578,0.564935
128,1,1001.69,698.397,0.511615
129,1,1003.11,697.758,0.525817
130,1,1002.94,699.971,0.519412
131,1,1004.04,700.803,0.46867
132,1,995.602,705.428,0.308784
133,1,1009.54,699.519,0.540157
134,1,995.223,696.749,0.582523
135,1,1012.8,697.492,0.513128
136,1,1009.55,701.39,0.222479
137,1,1014.06,698.595,0.487727
138,1,1016.03,699.935,0.520224
139,1,1016.7,699.322,0.485181
140,1,0,0,0
141,1,1020.63,694.991,0.538264
142,1,1012.35,698.675,0.467369
143,1,1023.23,696.768,0.528823
144,1,1023.92,704.99,0.60106
145,1,1026.06,697.303,0.533577
146,1,1025.14,696.894,0.496872
147,1,1027.8,694.537,0.559216
148,1,1016.25,695.947,0.48506
149,1,1028.58,692.666,0.540078
150,1,1021.37,695.182,0.460348
151,1,1031.92,694.47,0.541682
152,1,1032.47,693.382,0.533266
153,1,1032.25,691.085,0.547546
154,1,1034.92,693.208,0.542587
155,1,1036.45,693.24,0.521229
156,1,1036.79,692.074,0.508551
157,1,1039.36,691.323,0.518546
158,1,1040.82,689.526,0.515524
159,1,1041.56,689.464,0.545973
160,1,1040.67,690.198,0.510174
161,1,1042.83,688.267,0.522721
162,1,1043.17,688.835,0.490202
163,1,1045.51,687.724,0.52029
164,1,1045.5,687.146,0.526278
165,1,0,0,0
166,1,1047.8,686.518,0.507964
167,1,1032.6,692.84,0.646433
168,1,1048.87,687.816,0.500102
169,1,1037.33,687.614,0.548249
170,1,1049.2,686.054,0.498618
171,1,1050.78,684.064,0.521441
172,1,1051.44,684.098,0.517553
173,1,1056.74,695.199,0.548872
174,1,1052.65,682.418,0.524584
175,1,1048.76,690.197,0.508175
176,1,1053.4,683.049,0.588573
177,1,1048.21,685.157,0.152037
178,1,1057.09,681.799,0.521994
179,1,1057.34,682.014,0.564942
180,1,1057.64,681.271,0.542948
181,1,1058.76,682.203,0.505654
182,1,1060.26,681.736,0.529807
183,1,1062.66,680.39,0.527354
184,1,1061.58,683.234,0.499869
185,1,1061.72,681.391,0.544605
186,1,1062.38,681.708,0.549984
187,1,1063.27,681.998,0.539433
188,1,1066.55,681.672,0.507994
189,1,1067.46,681.94,0.516715
190,1,1067.46,681.677,0.543583
191,1,1069.16,680.765,0.472553
192,1,1069.6,682.923,0.528615
193,1,0,0,0
194,1,0,0,0
195,1,1071.07,679,0.548627
196,1,1071.55,679.534,0.540773
197,1,1074.44,678.169,0.54175
198,1,1059.37,680.896,0.380986
199,1,1075.63,678.248,0.542714
200,1,1068.49,713.433,0.452215
201,1,1075.48,679.148,0.5853
202,1,1064.02,682.315,0.490615
203,1,1078.59,678.615,0.57673
204,1,1078.41,677.598,0.574899
205,1,1080.27,679.946,0.551595
206,1,1075.15,679.285,0.655905
207,1,1079.97,678.172,0.565409
208,1,1079.07,691.554,0.512906
209,1,1082.8,679.064,0.567199
210,1,1091.17,682.362,0.439379
211,1,1085.35,677.721,0.564201
212,1,1083.72,676.408,0.559954
213,1,1085.97,674.954,0.576166
214,1,1087.42,674.679,0.549428
215,1,1087.35,675.144,0.602622
216,1,1088.51,676.167,0.595568
217,1,1089.37,676.52,0.575366
218,1,1089.47,677.077,0.565486
219,1,1090.6,676.583,0.579482
220,1,1091.89,676.217,0.602715
221,1,1086.76,674.979,0.599698
222,1,1092.48,676.301,0.543536
223,1,1094.04,683.97,0.447942
224,1,1093.79,679.051,0.567351
225,1,1093.57,675.682,0.408267
226,1,1096.99,678.061,0.524084
227,1,1098.15,676.513,0.603953
228,1,1098.81,678.434,0.559086
229,1,1091.86,673.665,0.605555
230,1,1099.33,677.857,0.594675
231,1,1096.71,693.231,0.402861
232,1,1101.82,677.888,0.604108
233,1,1102.37,687.484,0.48554
234,1,1103.57,677.557,0.59746
235,1,1103.61,678.022,0.605411
236,1,1104.73,677.623,0.63623
237,1,1097.47,676.359,0.581879
238,1,1105.46,678.018,0.612281
239,1,1100.19,675.889,0.687381
240,1,0,0,0
241,1,1107.54,678.961,0.614473
242,1,1109.2,680.983,0.549049
243,1,1109.56,682.014,0.559924
244,1,1111.77,682.677,0.55897
245,1,1111.81,682.51,0.56471
246,1,1112.58,682.966,0.574112
247,1,1113.87,682.09,0.537978
248,1,1114.02,682.411,0.586629
249,1,1114.57,683.009,0.571379
250,1,1114.35,681.557,0.568904
251,1,1116.2,681.058,0.571943
252,1,1116.25,681.222,0.598628
253,1,1117.39,681.272,0.587944
254,1,1112.71,680.298,0.482436
255,1,1118.4,681.926,0.605391
256,1,1115.78,685.813,0.328308
257,1,1117.98,682.157,0.634004
258,1,1115.81,705.28,0.323115
259,1,1120.04,683.144,0.623861
260,1,1119.8,679.78,0.666364
261,1,1122.68,682.101,0.612572
262,1,1116.51,680.337,0.685554
263,1,1122.91,684.737,0.60654
264,1,1117.27,683.913,0.661545
265,1,1123.49,683.496,0.646311
266,1,1119.8,682.985,0.575125
267,1,1124.93,683.609,0.662446
268,1,0,0,0
269,1,1125.08,685.156,0.623463
270,1,1123.65,691.328,0.493565
271,1,1125.91,686.605,0.652356
272,1,1124.95,685.445,0.626404
273,1,1125.58,684.426,0.642778
274,1,1126.47,684.571,0.654917
275,1,1125.78,683.231,0.661547
276,1,1126.44,683.12,0.642204
277,1,1126.62,683.46,0.704767
278,1,1127,682.748,0.646617
279,1,1128.02,684.287,0.617282
280,1,1127.8,685.941,0.617044
281,1,1127.92,684.553,0.641413
282,1,1129.98,684.126,0.640021
283,1,1128.7,683.631,0.662808
284,1,1130.4,685.399,0.633117
285,1,1128.86,681.899,0.547325
286,1,1130.42,683.992,0.629484
287,1,1140.04,716.411,0.478646
288,1,1130.74,685.747,0.639178
289,1,1130.49,694.084,0.22765
290,1,1132.75,686.562,0.676664
291,1,1131.83,686.634,0.657413
292,1,1132.59,687.972,0.644358
293,1,1131.82,686.381,0.563223
294,1,1132.49,688.553,0.658253
295,1,1136.59,688.287,0.488041
296,1,1133.39,689.483,0.683372
297,1,1131.84,687.327,0.637155
298,1,1132.83,689.482,0.652061
299,1,1132.53,689.024,0.649646
300,1,1132.62,689.819,0.642358
301,1,1134.17,690.435,0.666768
302,1,1134.13,692.65,0.652413
303,1,1132.19,691.308,0.613354
304,1,1132.25,691.29,0.610351
305,1,1133.21,690.379,0.659845
306,1,1132.59,691.294,0.659531
307,1,1132.41,693.951,0.623691
308,1,1132.3,691.525,0.60192
309,1,1132.22,692.155,0.62432
310,1,1131.19,693.521,0.641181
311,1,1130.63,694.587,0.625938
312,1,1130.18,694.121,0.646458
313,1,1128.93,695.207,0.640917
314,1,1128.7,695.495,0.661424
315,1,1127.67,695.251,0.615331
316,1,1125.76,694.326,0.659904
317,1,1124.73,696.1,0.60658
318,1,1130.1,688.835,0.695906
319,1,1121.99,695.934,0.610527
320,1,1125.56,690.571,0.677452
321,1,1117.91,697.962,0.595144
322,1,0,0,0
323,1,1114.82,699.005,0.599071
324,1,1111.61,699.787,0.618142
325,1,1110.3,702.07,0.62667
326,1,1113.52,697.955,0.499654
327,1,1103.72,700.208,0.608605
328,1,1121.27,710.368,0.400612
329,1,0,0,0
330,1,1105.01,716.893,0.609492
331,1,1091.28,705.808,0.477821
332,1,1086.22,704.035,0.518605
333,1,1082.29,706.899,0.431072
334,1,1077.81,708.789,0.442651
335,1,0,0,0
336,1,1065.58,711.342,0.411395
337,1,1061.54,711.177,0.399873
338,1,1053.34,711.695,0.398608
339,1,1047.84,712.95,0.419433
340,1,1041.2,714.155,0.42343
341,1,1089.09,727.499,0.255918
342,1,1026.76,719.897,0.386495
343,1,0,0,0
344,1,0,0,0
345,1,1023.59,824.488,0.0236521
346,1,990.339,739.217,0.572197
347,1,981.268,740.341,0.345051
348,1,975.27,759.043,0.300968
349,1,0,0,0
350,1,957.057,760.327,0.348635
351,1,0,0,0
352,1,933.174,766.21,0.267154
353,1,0,0,0
354,1,903.486,752.312,0.378701
355,1,895.202,753.526,0.483098
356,1,882.031,755.471,0.417647
357,1,857.388,684.184,0.0267161
358,1,861.927,760.751,0.488233
359,1,0,0,0
360,1,838.352,770.172,0.0671076
361,1,0,0,0
362,1,0,0,0
363,1,0,0,0
364,1,784.549,772.398,0.409118
365,1,0,0,0
366,1,0,0,0
367,1,0,0,0
368,1,0,0,0
369,1,0,0,0
370,1,0,0,0
371,1,0,0,0
372,1,0,0,0
373,1,0,0,0
374,1,0,0,0
375,1,0,0,0
376,1,0,0,0
377,1,0,0,0
378,1,0,0,0
379,1,0,0,0
380,1,0,0,0
381,1,0,0,0
382,1,0,0,0
383,1,0,0,0
384,1,0,0,0
385,1,0,0,0
386,1,0,0,0
387,1,0,0,0
388,1,0,0,0
389,1,905.451,841.013,0.125095
390,1,792.341,892.07,0.0567857
391,1,0,0,0
392,1,931.727,837.406,0.406409
393,1,0,0,0
394,1,0,0,0
395,1,0,0,0
396,1,0,0,0
397,1,0,0,0
398,1,0,0,0
399,1,976.796,809.04,0.418875
400,1,986.22,813.355,0.496831
401,1,990.132,807.894,0.436589
402,1,996.688,805.906,0.491706
403,1,1000.34,800.79,0.454561
404,1,1003.97,798.835,0.522717
405,1,843.717,821.221,0.0721916
406,1,1011.54,794.536,0.547591
407,1,0,0,0
408,1,1018.18,791.496,0.559085
409,1,0,0,0
410,1,0,0,0
411,1,1024.11,783.899,0.555952
412,1,1025.09,784.166,0.532231
413,1,828.855,882.215,0.0306412
414,1,1026.04,776.537,0.566375
415,1,0,0,0
416,1,1028.12,773.289,0.618721
417,1,0,0,0
418,1,1029.08,772.358,0.597513
419,1,1032.41,772.363,0.523945
420,1,0,0,0
421,1,1021.84,761.694,0.462905
422,1,1027.07,765.691,0.360228
423,1,1027.78,772.242,0.350119
424,1,1026.69,772.241,0.335664
425,1,0,0,0
426,1,0,0,0
427,1,0,0,0
428,1,1021.37,757.442,0.538837
429,1,0,0,0
430,1,0,0,0
431,1,1016.55,762.363,0.374272
432,1,0,0,0
433,1,1013.28,758.623,0.334127
434,1,1014.22,759.754,0.285531
435,1,0,0,0
436,1,1013.93,760.812,0.537207
437,1,1012.46,755.566,0.426231
438,1,0,0,0
439,1,1011.94,751.682,0.567424
440,1,0,0,0
441,1,0,0,0
442,1,1025.37,772.582,0.191109
443,1,1009.31,755.219,0.567517
444,1,1008,753.59,0.594414
445,1,1009.22,753.827,0.619114
446,1,1014.06,761.153,0.51656
447,1,1009.01,754.624,0.635876
448,1,1013.01,758.12,0.452414
449,1,1010.51,752.626,0.641068
450,1,1008.33,751.251,0.423928
451,1,1010.48,750.848,0.646825
452,1,1009.66,749.125,0.622447
453,1,1011.66,750.821,0.599234
454,1,0,0,0
455,1,1012.21,751.998,0.63265
456,1,1011.16,748.699,0.62857
457,1,1013.08,750.587,0.620181
458,1,0,0,0
459,1,1013.54,749.954,0.6325
460,1,0,0,0
461,1,1013,752.859,0.633601
462,1,1012.69,749.344,0.609931
463,1,1011.85,759.077,0.188913
464,1,1012.84,749.295,0.569035
465,1,0,0,0
466,1,1014.88,750.965,0.650786
467,1,0,0,0
468,1,1013.49,748.998,0.634251
469,1,0,0,0
470,1,1015.18,748.997,0.672687
471,1,0,0,0
472,1,1013.18,747.16,0.682138
473,1,1013.13,747.996,0.677205
474,1,1014.68,748.023,0.636587
475,1,1014.11,745.921,0.702581
476,1,1013.8,746.947,0.656284
477,1,1013.51,748.768,0.631138
478,1,1013.85,747.596,0.65387
479,1,1013.76,747.822,0.654582
480,1,1012.56,745.496,0.685677
481,1,1013.17,748.377,0.698395
482,1,1013.32,747.16,0.671031
483,1,1013.43,747.048,0.672057
484,1,1013.17,746.538,0.705928
485,1,0,0,0
486,1,1014.18,746.435,0.645759
487,1,1014.56,744.803,0.680385
488,1,1013.84,745.568,0.680823
489,1,1014.13,746.382,0.659078
490,1,0,0,0
491,1,1013.82,743.819,0.660212
492,1,0,0,0
493,1,1013.59,742.902,0.669441
494,1,0,0,0
495,1,1012.74,740.763,0.659117
496,1,1013.49,744.42,0.640709
497,1,1013.7,740.132,0.6433
498,1,1013.2,743.423,0.655727
499,1,1012.71,738.187,0.666605
500,1,1012.6,737.611,0.620024
501,1,1013.47,737.736,0.663147
502,1,0,0,0
503,1,1011.8,735.536,0.632036
504,1,858.657,876.01,0.0187503
505,1,1011.77,732.473,0.618668
506,1,1017.28,746.957,0.638008
507,1,1010.83,729.272,0.638729
508,1,1011.32,729.63,0.644241
509,1,1012.48,729.215,0.629134
510,1,0,0,0
511,1,1010.95,727.56,0.614663
512,1,1012.31,724.999,0.617573
513,1,1012.3,723.515,0.590241
514,1,1013.11,723.042,0.612745
515,1,0,0,0
516,1,1013.05,720.351,0.595999
517,1,1013.41,717.353,0.605211
518,1,1014.31,714.016,0.590802
519,1,1014.77,712.747,0.598387
520,1,1015.08,710.419,0.603191
521,1,1016.76,709.182,0.617478
522,1,1017.31,705.628,0.577688
523,1,1017.24,702.434,0.606677
524,1,0,0,0
525,1,0,0,0
526,1,0,0,0
527,1,0,0,0
528,1,0,0,0
529,1,1012.87,794.155,0.200417
530,1,1019.41,688.06,0.578401
531,1,1021.09,688.616,0.609153
532,1,1022.54,686.99,0.565668
533,1,0,0,0
534,1,0,0,0
535,1,1016.81,693.891,0.499566
536,1,0,0,0
537,1,0,0,0
538,1,1018.24,677.155,0.614387
539,1,0,0,0
540,1,1015.54,672.053,0.694372
541,1,0,0,0
542,1,1011.98,669.185,0.593974
543,1,1008.97,665.81,0.631535
544,1,1006.47,663.665,0.638933
545,1,1004.21,662.958,0.591725
546,1,0,0,0
547,1,998.621,658.91,0.524637
548,1,993.588,659.398,0.470163
549,1,988.634,652.663,0.552735
550,1,984.723,652.454,0.421686
551,1,979.023,650.571,0.439093
552,1,977.831,649.194,0.425558
553,1,971.659,649.493,0.344128
554,1,0,0,0
555,1,958.364,643.323,0.364646
556,1,0,0,0
557,1,0,0,0
558,1,961.007,827.936,0.0211557
559,1,923.61,645.201,0.0474403
560,1,0,0,0
561,1,908.281,643.433,0.0856014
562,1,0,0,0
563,1,888.791,640.204,0.0895494
564,1,883.359,637.949,0.160067
565,1,871.792,631.953,0.165454
566,1,0,0,0
567,1,840.771,619.026,0.0877676
568,1,0,0,0
569,1,749.42,627.562,0.0746348
570,1,0,0,0
571,1,0,0,0
572,1,764.171,600.783,0.0545052
573,1,748.871,594.292,0.0702417
574,1,766.161,601.238,0.0127834
575,1,668.545,543.508,0.0132633
576,1,651.155,536.914,0.0124942
577,1,639.465,540.07,0.0330211
578,1,632.774,542.747,0.0191802
579,1,672.861,604.361,0.0111505
580,1,604.459,541.026,0.0151404
581,1,747.736,605.23,0.140398
582,1,615.643,571.384,0.0213765
583,1,0,0,0
584,1,0,0,0
585,1,0,0,0
586,1,579.92,567.578,0.10735
587,1,567.352,567.172,0.220739
588,1,555.49,567.143,0.0458923
589,1,576.919,554.13,0.0110676
590,1,532.795,573.339,0.40152
591,1,0,0,0
592,1,0,0,0
593,1,0,0,0
594,1,494.443,579.07,0.602153
595,1,0,0,0
596,1,478.966,580.187,0.591547
597,1,0,0,0
598,1,463.834,586.728,0.620641
599,1,0,0,0
600,1,449.587,593.197,0.730573
601,1,444.834,597.122,0.741727
602,1,438.286,600.844,0.650335
603,1,434.113,605.249,0.707777
604,1,431.286,606.983,0.66579
605,1,424.478,612.919,0.67663
606,1,424.021,614.33,0.659763
607,1,420.013,620.571,0.632798
608,1,415.637,627.022,0.665195
609,1,413.899,631.518,0.693706
610,1,410.101,637.866,0.645174
611,1,407.553,643.135,0.61447
612,1,408.67,647.918,0.65358
613,1,406.054,652.46,0.579247
614,1,523.586,731.635,0.00542148
615,1,410.457,661.648,0.787679
616,1,0,0,0
617,1,409.743,679.073,0.619685
618,1,0,0,0
619,1,413.534,689.836,0.405107
620,1,418.683,697.364,0.492466
621,1,0,0,0
622,1,0,0,0
623,1,0,0,0
624,1,0,0,0
625,1,0,0,0
626,1,0,0,0
627,1,0,0,0
628,1,455.102,741.666,0.427541
629,1,461.471,743.807,0.519452
630,1,0,0,0
631,1,476.02,759.632,0.164946
632,1,485.273,756.975,0.430093
633,1,492.837,759.977,0.350827
634,1,492.611,760.909,0.384813
635,1,509.089,766.252,0.332694
636,1,516.149,770.779,0.38655
637,1,0,0,0
638,1,0,0,0
639,1,0,0,0
640,1,0,0,0
641,1,0,0,0
642,1,0,0,0
643,1,0,0,0
644,1,0,0,0
645,1,473.254,825.38,0.434152
646,1,638.2,797.499,0.162483
647,1,0,0,0
648,1,0,0,0
649,1,0,0,0
650,1,0,0,0
651,1,0,0,0
652,2,831.741,701.835,0.717171
653,2,835.419,700.108,0.77895
654,2,836.628,700.371,0.730177
655,2,840.136,701.066,0.701065
656,2,840.696,702.186,0.723872
657,2,844.955,701.221,0.752095
658,2,847.023,701.62,0.695853
659,2,848.745,704.65,0.678663
660,2,849.941,702.411,0.749574
661,2,853.884,702.253,0.80946
662,2,856.261,705.887,0.657889
663,2,831.801,709.943,0.40329
664,2,860.723,706.694,0.703707
665,2,0,0,0
666,2,865.042,704.625,0.728477
667,2,0,0,0
668,2,868.51,707.348,0.709393
669,2,872.383,706.855,0.752065
670,2,873.23,707.68,0.752097
671,2,856.984,707.152,0.686541
672,2,878.968,708.586,0.668851
673,2,862.069,703.641,0.737017
674,2,882.875,707.064,0.810415
675,2,866.832,708.567,0.477985
676,2,885.03,710.692,0.673536
677,2,887.989,710.155,0.737435
678,2,890.519,709.265,0.776376
679,2,875.087,708.872,0.648776
680,2,894.401,708.267,0.754591
681,2,879.061,711.24,0.420799
682,2,897.408,709.998,0.62789
683,2,899.635,711.462,0.720956
684,2,901.606,712.79,0.65256
685,2,905.012,710.235,0.752593
686,2,907,710.273,0.671221
687,2,908.887,710.077,0.747788
688,2,911.354,710.457,0.69697
689,2,912.866,709.104,0.752782
690,2,914.536,711.709,0.631638
691,2,915.834,711.22,0.753808
692,2,917.64,712.612,0.693889
693,2,919.735,714.181,0.665204
694,2,922.963,712.991,0.703689
695,2,923.94,712.685,0.767078
696,2,902.781,709.127,0.704068
697,2,927.577,712.492,0.695599
698,2,905.575,713.888,0.686028
699,2,932.24,712.265,0.697282
700,2,915.644,714.469,0.619905
701,2,934.938,712.162,0.676291
702,2,935.881,713.574,0.723431
703,2,939.122,712.939,0.717454
704,2,924.49,714.359,0.727069
705,2,943.099,713.52,0.75045
706,2,930.113,708.993,0.728815
707,2,948.856,715.388,0.791626
708,2,935.188,714.716,0.8089
709,2,953.296,715.676,0.73122
710,2,953.811,715.482,0.775022
711,2,955.852,716.132,0.719895
712,2,959.512,717.545,0.729732
713,2,959.807,716.529,0.703323
714,2,962.689,718.08,0.75108
715,2,964.615,718.297,0.768194
716,2,967.264,717.84,0.766373
717,2,968.732,717.68,0.70051
718,2,970.275,718.957,0.718261
719,2,974.029,718.11,0.715664
720,2,975.881,718.015,0.723532
721,2,976.295,719.467,0.708409
722,2,979.228,721.421,0.703123
723,2,980.037,719.94,0.711138
724,2,982.55,720.54,0.745939
725,2,985.581,720.081,0.701388
726,2,986.383,721.162,0.700053
727,2,960.208,718.18,0.628837
728,2,990.851,720.69,0.693869
729,2,965.774,717.627,0.752213
730,2,994.398,723.186,0.678885
731,2,968.038,717.772,0.687806
732,2,998.94,723.93,0.689837
733,2,1001.86,724.239,0.691674
734,2,1002.58,725.768,0.725909
735,2,988.273,721.257,0.730466
736,2,1006.24,725.393,0.670446
737,2,993.194,724.443,0.732919
738,2,1010.03,726.719,0.672295
739,2,995.941,724.034,0.762054
740,2,1014.37,727.18,0.694311
741,2,1015.8,729.126,0.651875
742,2,1017.43,729.535,0.669692
743,2,1018.97,732.004,0.617108
744,2,1021.74,733.901,0.616225
745,2,1023.67,729.797,0.570446
746,2,1025.74,732.917,0.626368
747,2,1028.27,731.236,0.615201
748,2,1027.05,733.02,0.584909
749,2,1031.15,734.514,0.627989
750,2,1033.07,733.488,0.643497
751,2,1034.23,734.859,0.619948
752,2,1035.68,735.261,0.62262
753,2,1038.08,736.712,0.636663
754,2,1039.21,735.442,0.644336
755,2,1041.78,737.651,0.639274
756,2,1042.85,736.716,0.647524
757,2,1044.8,737.449,0.688028
758,2,1047.35,738.171,0.6687
759,2,1049.04,738.54,0.644227
760,2,1019.05,732.657,0.582704
761,2,1052.6,736.531,0.67758
762,2,0,0,0
763,2,1055.31,739.238,0.655957
764,2,1027.33,730.144,0.561918
765,2,1058.62,738.178,0.615303
766,2,1058.72,739.555,0.633518
767,2,1059.97,741.24,0.669447
768,2,1056.52,738.624,0.651425
769,2,1062.37,740.873,0.595411
770,2,1053.57,740.174,0.679698
771,2,1065.46,741.777,0.622318
772,2,1067.81,741.192,0.626838
773,2,1069.9,742.832,0.642434
774,2,1070.24,741.648,0.61326
775,2,1073,742.553,0.627158
776,2,1074.52,742.721,0.610798
777,2,1076.43,742.106,0.654967
778,2,1078.9,743.244,0.66703
779,2,1077.96,741.705,0.649035
780,2,1079.93,743.053,0.629258
781,2,1079.85,741.488,0.61253
782,2,1082.13,741.906,0.610274
783,2,1064.15,738.892,0.318022
784,2,1085.61,742.519,0.636828
785,2,1073.29,736.35,0.597325
786,2,1087.98,743.181,0.646224
787,2,1074.05,738.725,0.611236
788,2,1089.56,742.828,0.65841
789,2,1093.43,744.712,0.6752
790,2,1092.81,743.388,0.644112
791,2,1081.25,735.584,0.530401
792,2,1097.4,744.55,0.70955
793,2,1085.71,741.448,0.630858
794,2,1097.6,740.649,0.615565
795,2,0,0,0
796,2,1101.25,742.594,0.675664
797,2,1102.21,738.999,0.635745
798,2,1103.27,741.654,0.646944
799,2,1094.13,743.009,0.671646
800,2,0,0,0
801,2,0,0,0
802,2,1106.58,736.518,0.647825
803,2,1107,735.178,0.642161
804,2,1107.8,737.411,0.633685
805,2,1107.7,741.394,0.655456
806,2,1109.89,739.886,0.590077
807,2,1110.42,735.011,0.637044
808,2,1112.06,737.114,0.603255
809,2,1112.33,737.01,0.612895
810,2,1111.25,737.771,0.579952
811,2,1114.49,735.671,0.617878
812,2,1115.31,735.542,0.58856
813,2,1113.51,733.418,0.507835
814,2,1117.36,736.731,0.617219
815,2,1118.3,735.566,0.645149
816,2,1107.2,732.985,0.567496
817,2,1117.9,733.174,0.570739
818,2,0,0,0
819,2,1120.81,734.266,0.617434
820,2,0,0,0
821,2,1123.16,732.871,0.636252
822,2,1124.37,731.682,0.634694
823,2,1124.56,732.498,0.638083
824,2,0,0,0
825,2,1126.24,735.761,0.623805
826,2,1121.77,736.252,0.767638
827,2,1127.39,734.457,0.613337
828,2,1118.46,751.279,0.664392
829,2,1128.22,734.529,0.623022
830,2,1131.47,733.371,0.599548
831,2,1129.19,732.821,0.602465
832,2,0,0,0
833,2,0,0,0
834,2,0,0,0
835,2,1135.1,732.653,0.553371
836,2,1134,731.912,0.571351
837,2,1133.84,733.354,0.584336
838,2,1134.45,731.236,0.449731
839,2,1137.11,729.623,0.494716
840,2,1138.68,732.035,0.633169
841,2,1139.05,731.915,0.60434
842,2,1138.42,732.153,0.545696
843,2,1139.49,733.651,0.618632
844,2,1140.78,730.778,0.564416
845,2,1139.58,732.211,0.524584
846,2,1140.92,732.585,0.559282
847,2,1143.71,733.71,0.61988
848,2,0,0,0
849,2,1130.59,733.728,0.640868
850,2,1145.62,731.459,0.568618
851,2,1132.95,735.38,0.603346
852,2,1141.67,731.074,0.399381
853,2,1132.03,732.768,0.561227
854,2,1147.61,731.539,0.537109
855,2,1147.07,733.446,0.572213
856,2,1147.44,731.571,0.486218
857,2,1138.09,727.015,0.285131
858,2,1146.15,731.974,0.512943
859,2,1145.9,735.206,0.69912
860,2,1149.57,734.576,0.580401
861,2,1140.06,728.649,0.234076
862,2,1150.52,736.611,0.557101
863,2,1151.1,736.05,0.576564
864,2,1149.86,737.127,0.530755
865,2,1149.26,734.727,0.519725
866,2,1152.19,735.991,0.617491
867,2,1150.49,734.166,0.581891
868,2,1151.86,733.159,0.557423
869,2,1152.25,736.975,0.554184
870,2,1151.14,736.799,0.507205
871,2,1150.61,736.424,0.549613
872,2,1148.36,737.916,0.575123
873,2,1154.63,735.376,0.54457
874,2,1150.16,737.106,0.602426
875,2,1153.32,733.376,0.503083
876,2,1148.73,738.707,0.57944
877,2,0,0,0
878,2,1152.51,738.557,0.611323
879,2,0,0,0
880,2,1153.61,736.589,0.587854
881,2,1153.21,738.124,0.583402
882,2,1152.87,740.054,0.561659
883,2,0,0,0
884,2,1156.09,737.045,0.539322
885,2,1153.45,735.414,0.637696
886,2,1155.11,737.991,0.633549
887,2,1152.69,733.96,0.543974
888,2,1151.91,734.894,0.587057
889,2,1152.89,734.881,0.549618
890,2,1152.17,739.596,0.584151
891,2,1152.59,733.033,0.488164
892,2,1151.54,738.654,0.553077
893,2,0,0,0
894,2,0,0,0
895,2,1154.22,736.155,0.532536
896,2,1151.81,740.056,0.538457
897,2,1151.69,737.385,0.520701
898,2,1154.19,736.68,0.612442
899,2,1152.34,738.581,0.501812
900,2,1151.77,740.293,0.528736
901,2,1150.98,738.216,0.519724
902,2,1152.19,737.715,0.587595
903,2,1152.75,737.511,0.601742
904,2,1152.61,740.693,0.593994
905,2,1154.59,735.712,0.557852
906,2,1149.64,738.542,0.544906
907,2,1152.6,738.704,0.671407
908,2,1151.2,738.617,0.589036
909,2,0,0,0
910,2,1150.49,737.086,0.517654
911,2,1147.68,740.6,0.545241
912,2,1149.41,737.993,0.622658
913,2,1149.87,744.18,0.537793
914,2,1146.63,737.567,0.564749
915,2,1150.59,743.392,0.54852
916,2,0,0,0
917,2,1142.07,749.595,0.491542
918,2,1141.03,734.15,0.464117
919,2,0,0,0
920,2,0,0,0
921,2,1140.52,751.582,0.341936
922,2,1137.46,736.15,0.533441
923,2,0,0,0
924,2,1131.31,737.226,0.561689
925,2,0,0,0
926,2,1129.72,736.188,0.540196
927,2,1126.84,737.459,0.598347
928,2,1123.08,738.92,0.556664
929,2,1121.94,733.793,0.524246
930,2,1118.21,738.955,0.42176
931,2,1112.81,733.198,0.451809
932,2,0,0,0
933,2,1106.36,737.368,0.494075
934,2,1104.28,738.281,0.398569
935,2,1099.25,738.751,0.424629
936,2,0,0,0
937,2,1090.24,736.096,0.459666
938,2,900.657,899.371,0.0319726
939,2,1078.17,732.794,0.436704
940,2,943.455,888.596,0.0193346
941,2,1065.97,736.301,0.479686
942,2,1059.8,736.215,0.446954
943,2,1052.61,738.819,0.399439
944,2,0,0,0
945,2,1034.28,735.879,0.523373
946,2,0,0,0
947,2,1017.12,743.67,0.413609
948,2,924.47,892.586,0.03429
949,2,992.46,740.015,0.37716
950,2,990.45,763.884,0.330872
951,2,984.654,789.186,0.389665
952,2,972.593,786.872,0.327338
953,2,957.804,770.245,0.401453
954,2,946.996,773.777,0.41669
955,2,934.287,772.044,0.20166
956,2,925.557,774.596,0.441383
957,2,914.12,779.114,0.355028
958,2,897.506,775.847,0.185509
959,2,870.164,755.275,0.349577
960,2,863.655,764.509,0.418141
961,2,852.035,765.749,0.624153
962,2,846.767,764.119,0.181024
963,2,834.165,778.306,0.503779
964,2,825.599,775.628,0.54066
965,2,816.079,780.695,0.432788
966,2,907.422,929.754,0.0291359
967,2,902.644,930.997,0.0180037
968,2,0,0,0
969,2,0,0,0
970,2,0,0,0
971,2,0,0,0
972,2,770.781,820.086,0.507554
973,2,0,0,0
974,2,0,0,0
975,2,767.04,830.211,0.625909
976,2,769.265,831.888,0.55734
977,2,835.07,944.983,0.0380972
978,2,0,0,0
979,2,825.328,844.324,0.0167839
980,2,0,0,0
981,2,0,0,0
982,2,0,0,0
983,2,0,0,0
984,2,0,0,0
985,2,0,0,0
986,2,0,0,0
987,2,0,0,0
988,2,0,0,0
989,2,848.149,855.089,0.440752
990,2,0,0,0
991,2,881.372,853.462,0.1917
992,2,0,0,0
993,2,896.562,858.61,0.249202
994,2,0,0,0
995,2,0,0,0
996,2,0,0,0
997,2,0,0,0
998,2,937.418,846.976,0.564443
999,2,0,0,0
1000,2,0,0,0
1001,2,962.877,841.865,0.517957
1002,2,0,0,0
1003,2,975.125,828.946,0.409645
1004,2,0,0,0
1005,2,992.541,823.361,0.407424
1006,2,1002.9,818.571,0.427737
1007,2,1006,813.416,0.536527
1008,2,0,0,0
1009,2,1020.47,807.521,0.532285
1010,2,0,0,0
1011,2,1034.31,801.764,0.561438
1012,2,1039.81,796.978,0.481258
1013,2,1046.34,797.246,0.579354
1014,2,1050.34,791.043,0.556767
1015,2,1055.49,784.78,0.575607
1016,2,1058.85,777.928,0.564078
1017,2,1064.72,780.457,0.564961
1018,2,1068,775.525,0.653559
1019,2,1072.05,771.689,0.621795
1020,2,1074.73,770.353,0.613705
1021,2,1078.18,766.832,0.651184
1022,2,1080.11,764.849,0.638601
1023,2,1082.85,760.234,0.636747
1024,2,1085.29,760.554,0.608353
1025,2,0,0,0
1026,2,1089.85,752.388,0.670918
1027,2,0,0,0
1028,2,1092.75,751.415,0.57764
1029,2,0,0,0
1030,2,1095.89,747.275,0.604859
1031,2,1096.96,744.772,0.593713
1032,2,1097.44,743.681,0.568955
1033,2,1016.69,789.703,0.201199
1034,2,1099.44,735.173,0.662562
1035,2,0,0,0
1036,2,1102.38,732.229,0.49534
1037,2,0,0,0
1038,2,1103.9,724.142,0.60277
1039,2,1105.23,730.917,0.56466
1040,2,1101.71,724.144,0.472209
1041,2,1099.98,743.405,0.489915
1042,2,1104.08,718.84,0.623347
1043,2,1103.51,714.11,0.637316
1044,2,1105,714.674,0.574605
1045,2,1107.03,713.775,0.540538
1046,2,1106.19,712.694,0.6471
1047,2,1107.89,713.861,0.527125
1048,2,1107.54,710.236,0.487712
1049,2,1108.6,705.447,0.396738
1050,2,1109.53,709.3,0.354188
1051,2,1110.54,713.628,0.401274
1052,2,1111.09,710.029,0.519156
1053,2,1112.18,707.126,0.485807
1054,2,1109.9,707.545,0.492419
1055,2,1110.51,706.168,0.584104
1056,2,1099.69,716.166,0.512802
1057,2,1112.62,710.634,0.463725
1058,2,0,0,0
1059,2,1115.9,705.693,0.563868
1060,2,1105.45,719.431,0.380244
1061,2,1115.16,703.595,0.483892
1062,2,1114.13,705.709,0.455052
1063,2,1114.74,705.035,0.484925
1064,2,1110.33,705.035,0.642385
1065,2,1114.19,703.32,0.495924
1066,2,0,0,0
1067,2,1113.45,701.031,0.52464
1068,2,1110.67,701.82,0.667002
1069,2,1115.05,702.218,0.470148
1070,2,1113.71,700.733,0.513938
1071,2,1111.67,702.016,0.469817
1072,2,1111.84,698.923,0.507474
1073,2,1112.19,698.318,0.480925
1074,2,1111.67,698.516,0.503811
1075,2,1111.04,702.074,0.479039
1076,2,1111.24,697.52,0.489429
1077,2,1110.68,699.715,0.525018
1078,2,1110.77,700.592,0.528716
1079,2,1109.29,700.271,0.535487
1080,2,1109.29,700.066,0.519557
1081,2,1108.47,700.332,0.53616
1082,2,1107.48,697.02,0.639475
1083,2,1106.22,699.663,0.485148
1084,2,1105.69,698.932,0.622129
1085,2,1104.5,698.421,0.591064
1086,2,1104.36,698.311,0.60263
1087,2,1103.43,699.162,0.601092
1088,2,1102.34,698.713,0.614022
1089,2,1111.61,698.288,0.470869
1090,2,1101.73,700.344,0.600805
1091,2,1111.04,703.592,0.514363
1092,2,1100.54,701.234,0.669291
1093,2,1104.54,705.605,0.374481
1094,2,1097.97,701.507,0.619531
1095,2,1097.57,700.295,0.628403
1096,2,1096.65,703.311,0.648155
1097,2,1099.03,703.852,0.466431
1098,2,1095.82,703.244,0.644406
1099,2,1099,699.879,0.557506
1100,2,1092.91,701.483,0.639668
1101,2,1094.53,705.711,0.52171
1102,2,1091.97,702.522,0.669493
1103,2,1091.76,704.898,0.644063
1104,2,1089.34,700.684,0.601378
1105,2,1089.47,702.437,0.624865
1106,2,1089.65,704.248,0.599462
1107,2,1089,704.011,0.599642
1108,2,1088.49,700.097,0.566104
1109,2,1088.39,701.823,0.55624
1110,2,1088.38,700.92,0.58668
1111,2,1087,702.436,0.600088
1112,2,1089.26,701.901,0.618789
1113,2,1085.26,702.541,0.630671
1114,2,1081.29,699.28,0.468614
1115,2,1083.91,706.645,0.633187
1116,2,1084.53,708.842,0.501229
1117,2,1082.77,707.557,0.670073
1118,2,1080.97,707.311,0.660005
1119,2,1081.39,707.358,0.64745
1120,2,1084.19,702.307,0.473854
1121,2,1079.87,708.052,0.634494
1122,2,1080.98,712.831,0.285514
1123,2,1079.46,706.666,0.658327
1124,2,1083.9,708.315,0.685628
1125,2,1078.14,706.565,0.614015
1126,2,1076.2,707,0.650309
1127,2,1074.93,709.008,0.625521
1128,2,1078.95,705.344,0.617943
1129,2,1074,705.509,0.599208
1130,2,1049.47,731.549,0.0608105
1131,2,1071.8,706.609,0.589958
1132,2,1070.46,706,0.66447
1133,2,1069.9,704.836,0.680657
1134,2,1069.08,705.743,0.65732
1135,2,1068.05,705.302,0.670194
1136,2,1067.26,703.749,0.698086
1137,2,1065.94,704.845,0.69747
1138,2,1065.27,702.588,0.665109
1139,2,1063.81,703.146,0.659155
1140,2,1062.12,699.347,0.569846
1141,2,1061.71,700.46,0.611568
1142,2,1059.4,698.046,0.592167
1143,2,1057.54,698.66,0.637157
1144,2,1055.47,694.996,0.543946
1145,2,1066.26,706.71,0.544093
1146,2,1050.08,697.286,0.418934
1147,2,0,0,0
1148,2,1055.02,700.266,0.638227
1149,2,1041.86,723.836,0.574073
1150,2,1046.44,693.171,0.600564
1151,2,1044.26,692.219,0.655136
1152,2,1043.5,693.142,0.678212
1153,2,1046.07,725.7,0.304632
1154,2,1040.39,691.46,0.697075
1155,2,1042.37,731.418,0.644418
1156,2,1036.86,690.038,0.675481
1157,2,1041.54,725.134,0.299459
1158,2,1034.23,689.906,0.682566
1159,2,1030.65,686.572,0.65807
1160,2,1028.55,684.88,0.679099
1161,2,1041.91,703.328,0.394824
1162,2,1027.11,684.364,0.704371
1163,2,1025.69,684.55,0.701089
1164,2,1023.48,684.663,0.738395
1165,2,1023.26,684.889,0.734529
1166,2,1021.51,685.072,0.645106
1167,2,1018.53,683.456,0.65102
1168,2,1016.71,681.177,0.674187
1169,2,1015.44,682.872,0.621885
1170,2,1011.8,678.235,0.69821
1171,2,1010.71,677.752,0.695074
1172,2,1007.61,674.954,0.656945
1173,2,1007.14,675.237,0.686166
1174,2,1004.25,673.171,0.643803
1175,2,1003.77,672.931,0.639068
1176,2,1024.69,686.37,0.740034
1177,2,999.672,669.805,0.665434
1178,2,1023.45,687.101,0.571993
1179,2,999.699,670.778,0.606524
1180,2,1020.79,685.923,0.592799
1181,2,996.768,668.559,0.659796
1182,2,995.821,667.192,0.686115
1183,2,993.349,667.092,0.7353
1184,2,1003.01,676.12,0.694168
1185,2,990.361,663.531,0.671728
1186,2,1000.53,671.091,0.536769
1187,2,988.07,663.92,0.706781
1188,2,997.702,664.417,0.559213
1189,2,984.964,661.139,0.584064
1190,2,984.571,660.516,0.70884
1191,2,984.658,659.168,0.663867
1192,2,983.611,660.491,0.613533
1193,2,983.008,657.831,0.658422
1194,2,980.563,656.495,0.617246
1195,2,981.659,657.294,0.686427
1196,2,980.277,654.186,0.659319
1197,2,980.998,656.931,0.707955
1198,2,980.234,656.004,0.723446
1199,2,978.19,657.051,0.726404
1200,2,978.219,656.282,0.726819
1201,2,977.378,654.497,0.821907
1202,2,975.429,653.838,0.736087
1203,2,975.959,653.226,0.749631
1204,2,974.097,654.731,0.757348
1205,2,974.259,655.264,0.74177
1206,2,972.569,655.926,0.673276
1207,2,973.284,653.368,0.71478
1208,2,970.148,655.385,0.691114
1209,2,983.011,662.571,0.595899
1210,2,969.507,655.199,0.714891
1211,2,980.793,668.066,0.669301
1212,2,967.596,654.805,0.676611
1213,2,991.733,687.25,0.351278
1214,2,967.335,654.633,0.728204
1215,2,964.576,655.586,0.675685
1216,2,964.824,654.879,0.692774
1217,2,970.639,655.888,0.713292
1218,2,962.766,658.514,0.667038
1219,2,965.865,656.791,0.72123
1220,2,959.912,659.365,0.669418
1221,2,962.527,659.512,0.688848
1222,2,954.64,660.56,0.541954
1223,2,957.149,659.514,0.700689
1224,2,953.356,660.46,0.613121
1225,2,952.105,661.56,0.610532
1226,2,950.282,662.609,0.551503
1227,2,950.098,661.992,0.634095
1228,2,947.052,666.477,0.551667
1229,2,946.49,663.823,0.60931
1230,2,946.184,663.933,0.565345
1231,2,944.716,665.279,0.591052
1232,2,954.579,661.836,0.566069
1233,2,943.125,665.67,0.630911
1234,2,949.93,663.671,0.662288
1235,2,939.628,668.956,0.596182
1236,2,949.717,664.014,0.480156
1237,2,938.242,667.634,0.691766
1238,2,937.959,669.109,0.667626
1239,2,938.481,667.278,0.698292
1240,2,945.093,664.804,0.601936
1241,2,932.625,669.672,0.723244
1242,2,942.398,665.054,0.763506
1243,2,929.658,669.512,0.719569
1244,2,940.689,663.552,0.682086
1245,2,925.55,670.273,0.73134
1246,2,923.924,672.125,0.68846
1247,2,922.364,671.775,0.695102
1248,2,934.848,669.3,0.700489
1249,2,920.026,671.553,0.775342
1250,2,929.239,672.531,0.676224
1251,2,915.646,671.892,0.762567
1252,2,913.299,672.933,0.750356
1253,2,911.69,673.002,0.744193
1254,2,910.52,672.629,0.719041
1255,2,908.564,672.919,0.767299
1256,3,0,0,0
1257,3,1227.06,855.008,0.664092
1258,3,1227.71,856.013,0.670245
1259,3,1226.87,852.649,0.577255
1260,3,1230.29,855.043,0.662716
1261,3,1230.29,853.02,0.620388
1262,3,1233.19,854.729,0.696264
1263,3,1233.41,855.329,0.68632
1264,3,1233.88,854.359,0.698373
1265,3,1235.64,850.66,0.557766
1266,3,1237.02,853.552,0.685983
1267,3,0,0,0
1268,3,1240.55,853.229,0.649359
1269,3,0,0,0
1270,3,1242.68,853.301,0.730213
1271,3,0,0,0
1272,3,1242.86,852.666,0.701353
1273,3,1245.77,852.543,0.728966
1274,3,1245.1,851.883,0.686104
1275,3,1239.08,852.632,0.674202
1276,3,1246.99,853.402,0.70831
1277,3,1241.67,852.979,0.629165
1278,3,1247.57,851.38,0.670641
1279,3,1240.79,851.483,0.466727
1280,3,1251.13,849.887,0.624852
1281,3,1252.49,851.334,0.642163
1282,3,1252.56,850.292,0.654846
1283,3,0,0,0
1284,3,1250.64,844.209,0.482678
1285,3,0,0,0
1286,3,1256.54,847.431,0.653434
1287,3,1256.24,848.626,0.672483
1288,3,1258.28,849.687,0.640333
1289,3,1257.47,847.508,0.656053
1290,3,1258.99,848.538,0.730569
1291,3,1258.84,848.093,0.667833
1292,3,0,0,0
1293,3,1260.89,847.014,0.638912
1294,3,0,0,0
1295,3,1260.65,847.008,0.719322
1296,3,0,0,0
1297,3,1263.27,848.395,0.715993
1298,3,1261.67,846.437,0.719744
1299,3,1262.91,845.701,0.543796
1300,3,0,0,0
1301,3,1264.72,845.95,0.664846
1302,3,0,0,0
1303,3,1266.71,843.705,0.639811
1304,3,0,0,0
1305,3,1266.31,843.345,0.659764
1306,3,1266.95,841.745,0.614267
1307,3,1266.55,841.242,0.636763
1308,3,1260.91,838.398,0.517316
1309,3,1266.19,843.461,0.68714
1310,3,1259.84,844.045,0.50446
1311,3,0,0,0
1312,3,1258.06,846.496,0.454561
1313,3,1267.3,840.377,0.684811
1314,3,1268.96,841.45,0.703626
1315,3,1269.99,838.727,0.585335
1316,3,1270.66,841.613,0.599135
1317,3,1269.64,843.045,0.593557
1318,3,1268.02,842.668,0.612451
1319,3,1268.89,839.408,0.459519
1320,3,0,0,0
1321,3,0,0,0
1322,3,0,0,0
1323,3,1271.77,839.774,0.578857
1324,3,1268.63,839.761,0.499272
1325,3,0,0,0
1326,3,0,0,0
1327,3,1270.2,837.504,0.538454
1328,3,1269.27,835.48,0.5507
1329,3,1270.9,836.852,0.542088
1330,3,1267.31,841.203,0.405691
1331,3,0,0,0
1332,3,1268.12,836.356,0.398096
1333,3,0,0,0
1334,3,0,0,0
1335,3,1268.61,838.17,0.494294
1336,3,1268.54,834.186,0.519164
1337,3,1269.02,834.993,0.579903
1338,3,1269.77,835.228,0.661566
1339,3,1268.16,840.43,0.411495
1340,3,1268.3,835.016,0.554117
1341,3,1269.73,833.293,0.471911
1342,3,0,0,0
1343,3,1263.77,849.672,0.582076
1344,3,0,0,0
1345,3,0,0,0
1346,3,1266.59,830.542,0.570369
1347,3,1267.03,830.856,0.61803
1348,3,1266.44,828.851,0.613879
1349,3,0,0,0
1350,3,0,0,0
1351,3,1265.45,831.395,0.638642
1352,3,1263.59,830.375,0.582505
1353,3,1263,831.062,0.615756
1354,3,0,0,0
1355,3,0,0,0
1356,3,1259.27,830.14,0.634409
1357,3,1257.95,829.458,0.577486
1358,3,1257.03,829.523,0.494492
1359,3,1252.57,826.351,0.425168
1360,3,1256.87,829.291,0.67594
1361,3,1254.02,828.766,0.659376
1362,3,1252.92,828.864,0.627093
1363,3,1252.51,827.796,0.599374
1364,3,0,0,0
1365,3,1249.17,826.285,0.567131
1366,3,1255.68,834.065,0.219194
1367,3,1244.66,828.164,0.661527
1368,3,1263.85,838.354,0.440597
1369,3,1242.76,827.613,0.695863
1370,3,0,0,0
1371,3,1237.25,827.705,0.663169
1372,3,0,0,0
1373,3,1231.56,824.278,0.553336
1374,3,0,0,0
1375,3,1226.82,825.943,0.596493
1376,3,1225.8,825.398,0.646395
1377,3,1222.91,827.288,0.663094
1378,3,1219.53,826.212,0.62606
1379,3,0,0,0
1380,3,1214.43,827.53,0.623597
1381,3,0,0,0
1382,3,1208.43,827.621,0.656656
1383,3,1203.05,827.84,0.678601
1384,3,0,0,0
1385,3,1196.35,826.885,0.685896
1386,3,1193.35,827.93,0.590256
1387,3,0,0,0
1388,3,0,0,0
1389,3,0,0,0
1390,3,0,0,0
1391,3,1211.67,870.624,0.329038
1392,3,1165.98,829.787,0.560902
1393,3,0,0,0
1394,3,0,0,0
1395,3,0,0,0
1396,3,1144.69,835.913,0.411832
1397,3,1161.42,858.29,0.391054
1398,3,1129.65,834.355,0.482336
1399,3,0,0,0
1400,3,1114.87,835.446,0.454766
1401,3,0,0,0
1402,3,0,0,0
1403,3,1156.77,901.188,0.175262
1404,3,1083.71,838.06,0.480374
1405,3,1150.35,874.169,0.0876765
1406,3,1066.44,838.569,0.474753
1407,3,0,0,0
1408,3,0,0,0
1409,3,0,0,0
1410,3,1029.11,856.891,0.459113
1411,3,1018.47,858.46,0.481268
1412,3,0,0,0
1413,3,994.244,859.82,0.331839
1414,3,982.449,874.629,0.124324
1415,3,967.509,866.005,0.182438
1416,3,0,0,0
1417,3,939.336,870.345,0.215378
1418,3,919.006,856.075,0.259412
1419,3,912.776,866.563,0.180832
1420,3,0,0,0
1421,3,883.883,867.648,0.179009
1422,3,0,0,0
1423,3,0,0,0
1424,3,0,0,0
1425,3,921.733,997.732,0.00908899
1426,3,0,0,0
1427,3,859.306,1036.7,0.0240089
1428,3,0,0,0
1429,3,0,0,0
1430,3,873.356,935.994,0.0186032
1431,3,0,0,0
1432,3,0,0,0
1433,3,768.575,905.435,0.723077
1434,3,760.913,911.689,0.677732
1435,3,758.791,917.306,0.692511
1436,3,0,0,0
1437,3,0,0,0
1438,3,0,0,0
1439,3,0,0,0
1440,3,0,0,0
1441,3,0,0,0
1442,3,0,0,0
1443,3,0,0,0
1444,3,0,0,0
1445,3,0,0,0
1446,3,0,0,0
1447,3,0,0,0
1448,3,0,0,0
1449,3,0,0,0
1450,3,0,0,0
1451,3,0,0,0
1452,3,0,0,0
1453,3,698.007,876.634,0.0503381
1454,3,844.409,988.13,0.0281207
1455,3,0,0,0
1456,3,913.369,968.564,0.0508341
1457,3,0,0,0
1458,3,0,0,0
1459,3,956.74,968.037,0.109916
1460,3,0,0,0
1461,3,0,0,0
1462,3,0,0,0
1463,3,0,0,0
1464,3,0,0,0
1465,3,0,0,0
1466,3,0,0,0
1467,3,0,0,0
1468,3,0,0,0
1469,3,0,0,0
1470,3,0,0,0
1471,3,0,0,0
1472,3,1056.09,902.925,0.39399
1473,3,1067.01,904.297,0.463383
1474,3,0,0,0
1475,3,0,0,0
1476,3,0,0,0
1477,3,1090.67,901.604,0.553193
1478,3,0,0,0
1479,3,1095.8,889.678,0.625039
1480,3,0,0,0
1481,3,1096.02,880.825,0.687823
1482,3,0,0,0
1483,3,0,0,0
1484,3,0,0,0
1485,3,1090.26,867.315,0.763481
1486,3,0,0,0
1487,3,0,0,0
1488,3,0,0,0
1489,3,0,0,0
1490,3,875.973,948.812,0.0222634
1491,3,0,0,0
1492,3,0,0,0
1493,3,0,0,0
1494,3,1074.91,887.351,0.091726
1495,3,1076.84,816.786,0.179276
1496,3,1082.3,852.493,0.101562
1497,3,0,0,0
1498,3,0,0,0
1499,3,1084.82,844.889,0.514985
1500,3,0,0,0
1501,3,0,0,0
1502,3,0,0,0
1503,3,0,0,0
1504,3,0,0,0
1505,3,0,0,0
1506,3,0,0,0
1507,3,1073.29,837.372,0.548735
1508,3,1081.47,844.988,0.540919
1509,3,0,0,0
1510,3,1068.04,830.92,0.598069
1511,3,1074.97,833.696,0.305656
1512,3,0,0,0
1513,3,0,0,0
1514,3,1065.91,831.965,0.511802
1515,3,1065.28,829.25,0.574798
1516,3,1069.98,830.765,0.521397
1517,3,1077.29,840.913,0.540751
1518,3,1060.93,824.712,0.565231
1519,3,0,0,0
1520,3,1066.25,832.846,0.522497
1521,3,0,0,0
1522,3,1064.6,826.472,0.467097
1523,3,0,0,0
1524,3,1067.02,831.355,0.473557
1525,3,1064.9,832.014,0.635626
1526,3,0,0,0
1527,3,1065.88,829.439,0.435573
1528,3,0,0,0
1529,3,0,0,0
1530,3,0,0,0
1531,3,1062.81,825.12,0.473024
1532,3,1066.54,827.064,0.54497
1533,3,1066.1,824.604,0.493445
1534,3,1068.98,828.051,0.581056
1535,3,0,0,0
1536,3,0,0,0
1537,3,0,0,0
1538,3,0,0,0
1539,3,0,0,0
1540,3,0,0,0
1541,3,0,0,0
1542,3,0,0,0
1543,3,0,0,0
1544,3,0,0,0
1545,3,1064.03,814.266,0.368294
1546,3,0,0,0
1547,3,1065.45,810.649,0.45353
1548,3,1068.47,817.277,0.441846
1549,3,0,0,0
1550,3,1064.01,814.888,0.450374
1551,3,0,0,0
1552,3,0,0,0
1553,3,0,0,0
1554,3,0,0,0
1555,3,0,0,0
1556,3,0,0,0
1557,3,0,0,0
1558,3,0,0,0
1559,3,0,0,0
1560,3,0,0,0
1561,3,1065.54,803.209,0.443619
1562,3,0,0,0
1563,3,0,0,0
1564,3,0,0,0
1565,3,0,0,0
1566,3,0,0,0
1567,3,0,0,0
1568,3,0,0,0
1569,3,0,0,0
1570,3,0,0,0
1571,3,0,0,0
1572,3,0,0,0
1573,3,1066.86,809.599,0.611619
1574,3,0,0,0
1575,3,0,0,0
1576,3,1061.02,798.124,0.563717
1577,3,996.246,827.241,0.0205115
1578,3,1063.55,802.083,0.558193
1579,3,0,0,0
1580,3,0,0,0
1581,3,0,0,0
1582,3,0,0,0
1583,3,0,0,0
1584,3,1059.12,794.999,0.5186
1585,3,1053.2,788.288,0.144783
1586,3,0,0,0
1587,3,0,0,0
1588,3,0,0,0
1589,3,0,0,0
1590,3,0,0,0
1591,3,0,0,0
1592,3,0,0,0
1593,3,0,0,0
1594,3,1052.55,790.301,0.491427
1595,3,0,0,0
1596,3,0,0,0
1597,3,1056.03,797.989,0.543023
1598,3,0,0,0
1599,3,1055.25,796.05,0.490756
1600,3,1043.09,826.786,0.0405144
1601,3,1053.82,798.465,0.524972
1602,3,1054.68,798.433,0.561505
1603,3,0,0,0
1604,3,1056.74,802.396,0.398299
1605,3,1051.75,793.23,0.487831
1606,3,0,0,0
1607,3,0,0,0
1608,3,1047.89,789.178,0.493714
1609,3,0,0,0
1610,3,1045.25,790.656,0.46742
1611,3,0,0,0
1612,3,0,0,0
1613,3,1044.88,789.919,0.549682
1614,3,1042.3,813.752,0.0938776
1615,3,0,0,0
1616,3,1044.68,787.08,0.545508
1617,3,0,0,0
1618,3,0,0,0
1619,3,0,0,0
1620,3,0,0,0
1621,3,0,0,0
1622,3,0,0,0
1623,3,1037.54,786.057,0.414637
1624,3,1036.33,781.496,0.51527
1625,3,1036.46,781.047,0.548877
1626,3,1036.85,783.309,0.586647
1627,3,1037.28,782.589,0.621959
1628,3,1035.46,779.796,0.583506
1629,3,0,0,0
1630,3,1036.24,778.372,0.649932
1631,3,1031.81,820.442,0.141286
1632,3,1037.92,777.107,0.517754
1633,3,0,0,0
1634,3,0,0,0
1635,3,0,0,0
1636,3,0,0,0
1637,3,0,0,0
1638,3,0,0,0
1639,3,1035.94,775.5,0.5831
1640,3,0,0,0
1641,3,0,0,0
1642,3,1031.88,772.024,0.617808
1643,3,0,0,0
1644,3,0,0,0
1645,3,0,0,0
1646,3,1031.47,771.268,0.615317
1647,3,1031.65,769.579,0.696674
1648,3,1028.01,767.739,0.645411
1649,3,1030.25,767.804,0.644548
1650,3,1032.08,765.866,0.652342
1651,3,1030.24,766.792,0.589953
1652,3,0,0,0
1653,3,0,0,0
1654,3,0,0,0
1655,3,0,0,0
1656,3,0,0,0
1657,3,0,0,0
1658,3,0,0,0
1659,3,1036.01,764.618,0.607867
1660,3,0,0,0
1661,3,1037.01,762.955,0.659012
1662,3,1031.19,770.045,0.634108
1663,3,0,0,0
1664,3,1029.88,764.834,0.65647
1665,3,0,0,0
1666,3,1038.88,759.373,0.62469
1667,3,1038.26,760.61,0.631936
1668,3,1035.34,766.856,0.571539
1669,3,1038.83,758.595,0.612945
1670,3,0,0,0
1671,3,1039.02,757.88,0.633564
1672,3,0,0,0
1673,3,1039.31,758.089,0.640159
1674,3,1040.38,756.719,0.612458
1675,3,1041.47,754.926,0.62154
1676,3,1040.95,753.973,0.598539
1677,3,1040.49,754.467,0.609624
1678,3,1042.16,752.369,0.585454
1679,3,1043.65,754.041,0.590319
1680,3,1044.06,753.422,0.584673
1681,3,1044.91,751.429,0.545791
1682,3,1044.73,752.818,0.579692
1683,3,1045.15,751,0.618773
1684,3,1046.03,752.433,0.600249
1685,3,1045.97,751.468,0.629738
1686,3,1046.87,750.329,0.637438
1687,3,1048.03,749.439,0.592848
1688,3,1048.15,749.174,0.622889
1689,3,0,0,0
1690,3,1049.98,746.813,0.559255
1691,3,1050.21,746.561,0.596029
1692,3,0,0,0
1693,3,0,0,0
1694,3,0,0,0
1695,3,533.867,604.823,0.0653621
1696,3,0,0,0
1697,3,0,0,0
1698,3,1055.66,741.977,0.563791
1699,3,0,0,0
1700,3,1057.25,741.928,0.539209
1701,3,1051.01,745.932,0.603248
1702,3,1058.88,742.811,0.559978
1703,3,0,0,0
1704,3,1059.76,739.726,0.568987
1705,3,0,0,0
1706,3,0,0,0
1707,3,1059.2,740.306,0.654596
1708,3,0,0,0
1709,3,1062.49,738.003,0.618987
1710,3,1063.82,737.812,0.605826
1711,3,1063.83,733.188,0.650468
1712,3,1065.2,736.44,0.601624
1713,3,1064.44,736.361,0.641443
1714,3,0,0,0
1715,3,0,0,0
1716,3,0,0,0
1717,3,0,0,0
1718,3,0,0,0
1719,3,0,0,0
1720,3,0,0,0
1721,3,1069.85,730.341,0.650439
1722,3,1071.16,729.595,0.66386
1723,3,1072.48,729.235,0.608838
1724,3,0,0,0
1725,3,0,0,0
1726,3,0,0,0
1727,3,0,0,0
1728,3,0,0,0
1729,3,0,0,0
1730,3,0,0,0
1731,3,1079.5,722.602,0.622001
1732,3,0,0,0
